# Accuracy, Precision, Recall, F1 Score
9.881539345338242741e-01,8.393990294886151393e-02,2.777091694967582791e-01,1.289143676101755787e-01
2.026216000000000000e+06,1.963300000000000000e+04,4.679000000000000000e+03,1.799000000000000000e+03
