# Accuracy, Precision, Recall, F1 Score
9.839606456475989971e-01,6.222266375256639559e-02,2.900586600802717019e-01,1.024648271349111045e-01
2.017530000000000000e+06,2.831900000000000000e+04,4.599000000000000000e+03,1.879000000000000000e+03
